id,ngay,giai_1,giai_2,giai_3,giai_4,giai_5,giai_6,giai_7,thu,giai_db
1,2025-03-30,32409,"15908, 06416","75283, 30643, 80758, 44780, 90000, 59349","7122, 0566, 8891, 2659","4325, 2582, 7009, 5643, 4215, 1479","381, 872, 548","25, 58, 85, 66",Chủ nhật,80716
2,2025-03-31,81167,"47695, 84725","05263, 60101, 20498, 75273, 12491, 82219","4966, 4484, 0217, 4239","8857, 2298, 2243, 3618, 2447, 9836","451, 827, 547","06, 96, 43, 67",Thứ hai,97315
3,2025-04-01,03039,"09983, 61824","34313, 26081, 14153, 94015, 53335, 70889","2662, 5431, 1297, 0572","1806, 8998, 9678, 0688, 8849, 3281","552, 429, 121","25, 90, 33, 65",Thứ ba,13371
4,2025-04-06,55356,"64985, 40310","01946, 39260, 95906, 45810, 77966, 36593","3751, 0965, 2149, 0312","9302, 8481, 0785, 3709, 4590, 3381","395, 603, 140","52, 97, 72, 27",Chủ nhật,99779
5,2025-04-07,48340,"77981, 34283","25198, 28417, 98555, 35125, 75915, 49548","5721, 6167, 3394, 9807","0075, 2558, 0449, 5144, 4297, 7563","916, 246, 131","15, 53, 13, 45",Thứ hai,11965
6,2025-04-08,92460,"94309, 80339","38673, 19343, 39875, 39135, 73331, 37241","3565, 8493, 0599, 1906","5105, 4903, 3889, 2398, 0932, 4145","925, 792, 328","09, 49, 47, 62",Thứ ba,85584
7,2025-04-13,29079,"88928, 66303","62213, 92082, 78387, 48930, 97552, 87768","9010, 2734, 0343, 4768","3052, 8811, 9167, 3996, 6187, 0523","947, 881, 657","70, 04, 07, 92",Chủ nhật,67860
8,2025-04-14,76071,"08866, 77999","28854, 16105, 81240, 42422, 16899, 38673","2965, 5032, 6805, 8755","7669, 6117, 1605, 0743, 6632, 8420","025, 442, 188","74, 03, 68, 19",Thứ hai,46935
9,2025-04-15,91676,"18319, 83976","27319, 12559, 62205, 97157, 55577, 32890","8955, 3111, 2148, 7486","2900, 8986, 5018, 8671, 5358, 8858","209, 904, 079","37, 35, 91, 00",Thứ ba,68908
10,2025-04-20,35550,"60460, 92338","38226, 30643, 82953, 96627, 24267, 07143","5157, 6348, 6294, 2944","4308, 0054, 9700, 2192, 0093, 4250","120, 953, 787","54, 15, 87, 00",Chủ nhật,24692
11,2025-04-21,76418,"31723, 37024","43406, 83752, 69055, 95844, 79164, 64179","3982, 4919, 7233, 1669","8706, 2381, 0059, 5539, 4060, 0756","292, 744, 224","49, 50, 83, 76",Thứ hai,74906
12,2025-04-22,96558,"64443, 06818","36524, 88678, 73931, 60844, 69849, 79878","3579, 0956, 2232, 9796","5292, 1643, 4774, 4139, 8077, 5796","766, 898, 245","05, 62, 09, 54",Thứ ba,95609
13,2025-04-27,23908,"68161, 95882","10322, 23315, 74907, 40681, 14048, 96963","9732, 3557, 2298, 8543","2038, 5749, 1173, 9149, 1304, 3284","386, 210, 833","57, 48, 49, 28",Chủ nhật,27368
14,2025-03-29,53965,"39937, 64731","11267, 95253, 18563, 74291, 44688, 16813","3280, 7200, 1742, 7543","4363, 2283, 6676, 8771, 8225, 6371","098, 704, 712","09, 10, 76, 56",Thứ bảy     ,09761
15,2025-04-02,81875,"97200, 45677","47558, 68525, 26993, 15892, 57485, 76246","9001, 0595, 0564, 3128","1680, 8116, 1206, 4850, 7437, 9615","872, 889, 543","18, 69, 92, 57",Thứ tư,12033
16,2025-04-03,83636,"47676, 23805","88953, 22977, 92031, 55734, 46998, 56240","9699, 0790, 4119, 0564","3290, 9880, 8707, 2621, 2124, 4308","671, 682, 307","78, 53, 60, 98",Thứ năm,37696
17,2025-04-04,33878,"13931, 64289","73102, 55935, 31078, 69642, 10694, 34450","5644, 7068, 4197, 2659","2365, 7447, 0439, 7294, 4780, 3974","702, 935, 765","69, 23, 09, 40",Thứ sáu,16409
18,2025-04-05,79644,"84840, 72645","59904, 76186, 90190, 34077, 16214, 80475","0934, 5460, 2647, 0786","2307, 9246, 6208, 4911, 0013, 8988","418, 782, 424","12, 85, 07, 21",Thứ bảy,60687
19,2025-04-09,91760,"74428, 74019","40491, 46915, 68086, 58335, 18113, 90856","9226, 6463, 4240, 6222","6722, 9480, 1297, 9896, 5718, 9018","889, 416, 313","52, 17, 42, 38",Thứ tư,00159
20,2025-04-10,63090,"90267, 60958","08080, 74975, 81776, 60791, 35047, 49927","6617, 7108, 7035, 2407","7988, 6745, 5814, 8933, 8037, 8163","923, 858, 049","99, 53, 14, 37",Thứ năm,23147
21,2025-04-11,58053,"41238, 56310","13151, 31467, 36401, 70032, 99392, 10677","3097, 0665, 4427, 7709","2531, 9591, 4107, 5703, 4065, 8591","665, 739, 035","90, 80, 48, 10",Thứ sáu,75850
22,2025-04-12,35364,"93394, 12040","83290, 65979, 17023, 93628, 63701, 25814","8543, 9045, 8712, 0853","4344, 5517, 3208, 7485, 7646, 0009","532, 042, 744","82, 52, 60, 70",Thứ bảy,03050
23,2025-04-16,43686,"95698, 11630","79516, 26391, 68013, 27471, 97978, 34710","1339, 1663, 1679, 0296","0481, 7361, 9785, 7077, 4530, 8255","388, 553, 179","89, 73, 76, 77",Thứ tư,19409
24,2025-04-17,07843,"75875, 74635","57092, 85483, 82623, 76533, 70669, 42113","0162, 3104, 0957, 5557","7591, 0471, 6016, 0169, 7821, 7845","238, 932, 164","03, 53, 54, 78",Thứ năm,36923
25,2025-04-18,56139,"84594, 30470","32425, 49152, 27463, 29040, 98816, 64096","1595, 8118, 4806, 2291","1094, 8544, 9311, 5918, 8130, 1323","887, 014, 149","47, 40, 09, 59",Thứ sáu     ,45992
26,2025-04-19,45905,"48036, 66057","75845, 97356, 62335, 43342, 43170, 79373","8945, 0151, 7533, 7614","8277, 3589, 6842, 1183, 2559, 5663","680, 131, 662","66, 92, 82, 52",Thứ bảy     ,59508
27,2025-04-23,03639,"06922, 50756","87939, 31477, 94428, 56698, 03175, 21603","2606, 4366, 2038, 7630","6361, 7606, 9561, 0423, 6445, 0338","954, 419, 615","79, 42, 55, 92",Thứ tư,74529
28,2025-04-24,73654,"19350, 01852","62179, 91449, 83036, 53666, 98211, 50138","0205, 3087, 9067, 5584","9966, 6257, 7775, 3848, 2853, 1526","382, 305, 904","60, 56, 71, 54",Thứ năm,85514
29,2025-04-25,59647,"20415, 23215","20284, 33476, 90743, 04028, 41596, 46183","1012, 0223, 4790, 7278","7391, 6809, 5596, 2770, 1997, 3368","833, 104, 782","13, 66, 12, 41",Thứ sáu,48177
30,2025-04-26,05420,"77564, 30022","34158, 28601, 05813, 52542, 16434, 69489","5903, 5297, 7048, 4268","6129, 1274, 2306, 2960, 5841, 5919","024, 236, 885","67, 45, 04, 47",Thứ bảy,38497
31,2025-04-28,16674,"26182, 65386","20994, 95654, 42069, 63708, 90138, 39178","9561, 8879, 5035, 9376","9932, 6654, 9505, 7577, 4218, 1174","818, 873, 697","19, 73, 22, 31",Thứ hai,75140
32,2025-04-29,76621,"05745, 68001","49567, 17498, 44294, 60415, 63586, 05602","3314, 1724, 1857, 5460","1908, 9456, 4419, 3442, 0926, 7348","098, 906, 352","21, 02, 88, 57",Thứ ba,77558
33,2025-04-30,38822,"93316, 70828","20028, 93965, 76530, 01948, 44899, 01191","6822, 2507, 6624, 1906","9800, 4549, 0685, 4777, 0450, 0417","886, 921, 159","75, 27, 38, 35",Thứ tư,53078
34,2025-05-01,94271,"10174, 60744","84513, 43477, 48934, 98091, 04199, 17789","9321, 6923, 8206, 0219","1709, 2158, 9079, 4875, 1474, 2721","629, 690, 989","06, 04, 11, 21",Thứ năm,15031
35,2025-05-02,30110,"84955, 63236","71762, 52244, 90383, 44939, 25914, 54592","6718, 0563, 4190, 9936","1368, 5541, 6945, 3370, 6437, 7955","543, 840, 637","63, 89, 75, 61",Thứ sáu,72624
36,2025-05-03,18557,"37863, 15837","94909, 82388, 20095, 33109, 10846, 15543","7754, 3461, 8996, 0994","2984, 4370, 3207, 2251, 8186, 5941","334, 585, 854","15, 67, 94, 76",Thứ bảy,97599
37,2025-05-04,08264,"95851, 51319","02793, 01209, 42378, 89957, 13174, 72424","6590, 4383, 5627, 5751","7510, 4566, 6891, 4252, 8656, 1027","233, 065, 606","40, 53, 63, 92",Chủ nhật,78666
38,2025-05-05,77453,"43477, 35472","72742, 59249, 31475, 74830, 63517, 36467","5139, 6572, 1289, 1522","1433, 1022, 8504, 5330, 4489, 8465","771, 354, 693","15, 03, 78, 71",Thứ hai,48513
39,2025-05-06,47421,"54078, 94032","04370, 93445, 44110, 68245, 26001, 22618","2976, 1999, 2854, 3419","2215, 8874, 9697, 0263, 4585, 1488","432, 455, 662","02, 54, 63, 72",Thứ ba,22024
40,2025-05-07,90210,"83637, 57560","10330, 98990, 05062, 51140, 74145, 34759","2979, 0836, 2110, 6698","9301, 9377, 0145, 2218, 6346, 8707","258, 933, 342","37, 80, 49, 11",Thứ tư,45794
41,2025-05-08,83628,"93572, 68158","46418, 87285, 95438, 99647, 44082, 06607","1633, 3504, 1936, 1010","3835, 6863, 6256, 5681, 7070, 8739","756, 045, 658","93, 14, 68, 60",Thứ năm,34102
42,2025-05-09,11870,"67499, 21131","95848, 22778, 41176, 03643, 17264, 55674","8050, 5156, 6991, 2974","5764, 3841, 8460, 1063, 2155, 4622","569, 981, 973","72, 09, 75, 58",Thứ sáu,62809
43,2025-05-10,01104,"68869, 08704","86863, 16602, 18908, 13771, 73806, 14362","2494, 7000, 6119, 4431","2238, 5156, 3862, 4140, 5065, 3201","612, 003, 000","88, 30, 24, 10",Thứ bảy,74022
44,2025-05-11,52567,"68101, 82803","92176, 37092, 90348, 31490, 38131, 57488","4886, 5239, 5431, 5609","4704, 2634, 1557, 8994, 4244, 2473","192, 268, 018","32, 76, 38, 45",Chủ nhật,00177
45,2025-05-12,14561,"53264, 18044","20416, 89008, 02694, 71579, 54507, 92330","3174, 8928, 1989, 0010","1571, 7224, 5336, 7891, 8676, 5259","945, 388, 789","30, 55, 57, 06",Thứ hai,62640
